Адыгея;Яблоновский
Адыгея;Энем
Адыгея;Майкоп
Алтайский край;Горно-Алтайск
Алтайский край;Бийск
Алтайский край;Барнаул
Алтайский край;Камень-на-Оби
Алтайский край;Алейск
Алтайский край;Рубцовск
Алтайский край;Заринск
Амурская область;Благовещенск
Амурская область;Тында
Амурская область;Сковородино
Амурская область;Февральск
Амурская область;Белогорск
Амурская область;Шимановск
Амурская область;Ерофей-Павлович
Амурская область;Свободный
Архангельская область;Коряжма
Архангельская область;Котлас
Архангельская область;Вельск
Архангельская область;Архангельск
Архангельская область;Мирный
Архангельская область;Северодвинск
Астраханская область;Началово
Астраханская область;Астрахань
Башкортостан;Туймазы
Башкортостан;Кумертау
Башкортостан;Белорецк
Башкортостан;Нефтекамск
Башкортостан;Бирск
Башкортостан;Стерлитамак
Башкортостан;Сибай
Башкортостан;Уфа
Башкортостан;Ишимбай
Башкортостан;Мелеуз
Башкортостан;Салават
Башкортостан;Учалы
Башкортостан;Янаул
Башкортостан;Октябрьский
Белгородская область;Валуйки
Белгородская область;Старый Оскол
Белгородская область;Губкин
Белгородская область;Волоконовка
Белгородская область;Прохоровка
Белгородская область;Шебекино
Белгородская область;Белгород
Белгородская область;Новый Оскол
Белгородская область;Алексеевка
Брянская область;Фокино
Брянская область;Унеча
Брянская область;Стародуб
Брянская область;Навля
Брянская область;Жуковка
Брянская область;Брянск
Бурятия;Северобайкальск
Бурятия;Таксимо
Бурятия;Улан-Удэ
Бурятия;Гусиноозерск
Бурятия;Селенгинск
Бурятия;Северомуйск
Владимирская область;Александров
Владимирская область;Киржач
Владимирская область;Муром
Владимирская область;Вольгинский
Владимирская область;Костерёво
Владимирская область;Александров
Владимирская область;Владимир
Владимирская область;Собинка
Владимирская область;Демидово
Владимирская область;Гусь Хрустальный
Владимирская область;Радужный
Владимирская область;Ковров
Владимирская область;Покров
Владимирская область;Кольчугино
Волгоградская область;Октябрьский
Волгоградская область;Фролово
Волгоградская область;Новый Рогачик
Волгоградская область;Красный Октябрь
Волгоградская область;Котово
Волгоградская область;Городище
Волгоградская область;Волгоград
Волгоградская область;Калач-на-дону
Волгоградская область;Оленье
Волгоградская область;Иловля
Волгоградская область;Качалино
Волгоградская область;Ленинск
Волгоградская область;Средняя Ахтуба
Волгоградская область;Рудня
Волгоградская область;Нехаевский
Волгоградская область;Котлубань
Волгоградская область;Михайловка
Волгоградская область;Карповка
Волгоградская область;Арчединского Лесхоза
Волгоградская область;Елань
Волгоградская область;Жирновск
Волгоградская область;Береславка
Волгоградская область;Палласовка
Волгоградская область;Камышин
Волгоградская область;Ерзовка
Волгоградская область;Светлый Яр
Волгоградская область;Криушинский
Волгоградская область;Дубовое
Волгоградская область;Песковатка
Волгоградская область;Новоаннинский
Волгоградская область;Россошинский
Волгоградская область;Волжский
Волгоградская область;Kirova
Волгоградская область;Николаевск
Волгоградская область;Краснослободск
Волгоградская область;Котельниково
Волгоградская область;Старая Полтавка
Волгоградская область;Дубовка
Волгоградская область;Большой Морец
Волгоградская область;Урюпинск
Волгоградская область;Новониколаевский
Вологодская область;Кириллов
Вологодская область;Сямжа
Вологодская область;Вологда
Вологодская область;Грязовец
Вологодская область;Бабаево
Вологодская область;Вожега
Вологодская область;Череповец
Воронежская область;Россошь
Воронежская область;Борисоглебск
Воронежская область;Богучар
Воронежская область;Воронеж
Воронежская область;Анна
Воронежская область;Лиски
Воронежская область;Кантемировка
Воронежская область;Бутурлиновка
Воронежская область;Калач
Воронежская область;Нововоронеж
Воронежская область;Бобров
Дагестан;Муцалаул
Дагестан;Дербент
Дагестан;Буйнакск
Дагестан;Кизилюрт
Дагестан;Кизляр
Дагестан;Новокаякент
Дагестан;Махачкала
Дагестан;Хасавюрт
Дагестан;Каспийск
Еврейская автономная область;Биробиджан
Забайкальский край;Забайкальск
Забайкальский край;Куанда
Забайкальский край;Чернышевск
Забайкальский край;Чита
Забайкальский край;Борзя
Забайкальский край;Шилка
Забайкальский край;Краснокаменск
Забайкальский край;Могоча
Забайкальский край;Новая Чара
Забайкальский край;Хилок
Ивановская область;Тейково
Ивановская область;Палех
Ивановская область;Шуя
Ивановская область;Колобово
Ивановская область;Фурманов
Ивановская область;Иваново
Ивановская область;Кинешма
Ивановская область;Подозёрский
Ивановская область;Плёс
Ивановская область;Родники
Ингушетия;Назрань
Иркутская область;Ангарск
Иркутская область;Черемхово
Иркутская область;Усть-Илимск
Иркутская область;Бодайбо
Иркутская область;Чунский
Иркутская область;Саянск
Иркутская область;Братск
Иркутская область;Шелехов
Иркутская область;Тайшет
Иркутская область;Вихоревка
Иркутская область;Слюдянка
Иркутская область;Усть-Кут
Иркутская область;Нижнеудинск
Иркутская область;Иркутск
Иркутская область;Зима
Иркутская область;Железногорск-Илимский
Кабардино-Балкария;Нальчик
Кабардино-Балкария;Баксан
Калининградская область;Светлый
Калининградская область;Гусев
Калининградская область;Взморье
Калининградская область;Калининград
Калининградская область;Черняховск
Калининградская область;Новоуральск
Калининградская область;Гурьевск
Калининградская область;Светлогорск
Калининградская область;Менделеево
Калмыкия;Элиста
Калужская область;Калуга
Калужская область;Боровск
Калужская область;Малоярославец
Калужская область;Таруса
Калужская область;Детчино
Калужская область;Обнинск
Камчатский край;Озерновский
Камчатский край;Тиличики
Камчатский край;Палана
Камчатский край;Ключи
Камчатский край;Тигиль
Камчатский край;Усть-Большерецк
Камчатский край;Елизово
Камчатский край;Вилючинск
Камчатский край;Эссо
Камчатский край;Петропавловск-Камчатский
Камчатский край;Оссора
Камчатский край;Мильково
Камчатский край;Козыревск
Камчатский край;Ивашка
Камчатский край;Усть-Камчатск
Камчатский край;Усть-Хайрюзово
Карачаево-Черкесия;Нижний Архыз
Карачаево-Черкесия;Черкесск
Карелия;Сегежа
Карелия;Питкяранта
Карелия;Найстенъярви
Карелия;Сортавала
Карелия;Муезерский
Карелия;Петрозаводск
Карелия;Кондопога
Карелия;Медвежьегорск
Кемеровская область;Таштагол
Кемеровская область;Березовский
Кемеровская область;Новокузнецк
Кемеровская область;Калтан
Кемеровская область;Белово
Кемеровская область;Междуреченск
Кемеровская область;Кемерово
Кемеровская область;Мариинск
Кемеровская область;Ленинск-Кузнецкий
Кемеровская область;Киселевск
Кемеровская область;Юрга
Кемеровская область;Анжеро-Судженск
Кемеровская область;Прокопьевск
Кемеровская область;Тайга
Кемеровская область;Шерегеш
Кировская область;Киров
Кировская область;Кирово-Чепецк
Коми;Инта
Коми;Казлук
Коми;Воркута
Коми;Печора
Коми;Ухта
Коми;Микунь
Коми;Сыктывкар
Коми;Усинск
Костромская область;Якшанга
Костромская область;Шекшема
Костромская область;Поназырево
Костромская область;Нея
Костромская область;Макарьев
Костромская область;Кострома
Костромская область;Красное-на-Волге
Костромская область;Шарья
Костромская область;Нерехта
Краснодарский край;Сочи
Краснодарский край;Темрюк
Краснодарский край;Каневская
Краснодарский край;Ейск
Краснодарский край;Белореченск
Краснодарский край;Туапсе
Краснодарский край;Новокубанск
Краснодарский край;Армавир
Краснодарский край;Новороссийск
Краснодарский край;Краснодар
Краснодарский край;Приморско-Ахтарск
Краснодарский край;Адлер
Краснодарский край;Анапа
Краснодарский край;Тихорецк
Краснодарский край;Геленджик
Краснодарский край;Гулькевичи
Краснодарский край;Крымск
Краснодарский край;Абинск
Краснодарский край;Тимашевск
Краснодарский край;Славянск-на-Кубани
Краснодарский край;Выселки
Красноярский край;Дивногорск
Красноярский край;Норильск
Красноярский край;Кодинск
Красноярский край;Иланский
Красноярский край;Нижний Ингаш
Красноярский край;Канск
Красноярский край;Шарыпово
Красноярский край;Курагино
Красноярский край;Дудинка
Красноярский край;Саянский
Красноярский край;Минусинск
Красноярский край;Зеленогорск
Красноярский край;Ачинск
Красноярский край;Железногорск
Красноярский край;Красноярск
Красноярский край;Боготол
Курганская область;Шумиха
Курганская область;Шадринск
Курганская область;Далматово
Курганская область;Курган
Курская область;Курчатов
Курская область;Курск
Курская область;Железногорск
Крым;Керчь
Крым;Евпатория
Крым;Севастополь
Крым;Симферополь
Ленинградская область;Волосово
Ленинградская область;Тихвин
Ленинградская область;Кириши
Ленинградская область;Сертолово
Ленинградская область;Выборг
Ленинградская область;Пикалево
Ленинградская область;Отрадное
Ленинградская область;Подпорожье
Ленинградская область;Приморск
Ленинградская область;Никольское
Ленинградская область;Волхов
Ленинградская область;Кингисепп
Ленинградская область;Кировск
Ленинградская область;Лопухинка
Ленинградская область;Гатчина
Ленинградская область;Вырица
Ленинградская область;Сосновый Бор
Ленинградская область;Всеволожск
Ленинградская область;Кудрово
Ленинградская область;Луга
Липецкая область;Липецк
Липецкая область;Елец
Липецкая область;Лебедянь
Магаданская область;Магадан
Марий Эл;Волжск
Марий Эл;Йошкар-Ола
Мордовия;Чамзинка
Мордовия;Рузаевка
Мордовия;Красный Узел
Мордовия;Саранск
Москва;Зеленоград
Москва;Москва
Москва;Троицк
Москва;Щербинка
Москва;Химки
Москва;Румянцево
Московская область;Шатура
Московская область;Голицыно
Московская область;Люберцы
Московская область;Пущино
Московская область;Павловский Посад
Московская область;Кашира
Московская область;Реутов
Московская область;Руза
Московская область;Королёв
Московская область;Томилино
Московская область;Крёкшино
Московская область;Черусти
Московская область;Красногорск
Московская область;Балашиха
Московская область;Старая Купавна
Московская область;Путилково
Московская область;Наро-Фоминск
Московская область;Чехов
Московская область;Ступино
Московская область;Котельники
Московская область;Луховицы
Московская область;Сходня
Московская область;Волоколамск
Московская область;Воскресенск
Московская область;Орехово-Зуево
Московская область;Михнево
Московская область;Долгопрудный
Московская область;Селятино
Московская область;Одинцово
Московская область;Мытищи
Московская область;Балабаново
Московская область;Электрогорск
Московская область;Дмитров
Московская область;Серпухов
Московская область;Юбилейный
Московская область;Солнечногорск
Московская область;Белоозёрский
Московская область;Чигасово
Московская область;Электроугли
Московская область;Лобня
Московская область;Истра
Московская область;Столбовая
Московская область;Коломна
Московская область;Горки-2
Московская область;Вешки
Московская область;Дубна
Московская область;Хорлово
Московская область;Малаховка
Московская область;Краснознаменск
Московская область;Ногинск
Московская область;Видное
Московская область;Лесной
Московская область;Мильково
Московская область;Клин
Московская область;Железнодорожный
Московская область;Звенигород
Московская область;Лесной Городок
Московская область;Лосино-Петровский
Московская область;Кубинка
Московская область;Климовск
Московская область;Беседы
Московская область;Николина Гора
Московская область;Фрязино
Московская область;Воскресенское
Московская область;Апрелевка
Московская область;Ивантеевка
Московская область;Внуково
Московская область;Куровское
Московская область;Жуковский
Московская область;Егорьевск
Московская область;Нахабино
Московская область;Можайск
Московская область;Дедовск
Московская область;Яхрома
Московская область;Протвино
Московская область;Сергиев Посад
Московская область;Пушкино
Московская область;Щелково
Московская область;Черноголовка
Московская область;Медвежьи Озёра
Московская область;Раменское
Московская область;Константиново
Московская область;Малино
Московская область;Красноармейск
Московская область;Домодедово
Московская область;Лыткарино
Московская область;Зарайск
Московская область;Электросталь
Московская область;Подольск
Московская область;Таганьково
Московская область;Серебряные Пруды
Московская область;Дзержинский
Московская область;Бекасово
Московская область;Октябрьский
Московская область;Бронницы
Мурманская область;Мурмаши
Мурманская область;Мурманск
Мурманская область;Ковдор
Мурманская область;Оленегорск
Мурманская область;Мончегорск
Мурманская область;Кировск
Мурманская область;Апатиты
Мурманская область;Заполярный
Мурманская область;Кандалакша
Ненецкий АО;Искателей
Ненецкий АО;Нарьян-Мар
Нижегородская область;Урень
Нижегородская область;Павлово
Нижегородская область;Саров
Нижегородская область;Лысково
Нижегородская область;Кулебаки
Нижегородская область;Первомайск
Нижегородская область;Семенов
Нижегородская область;Заволжье
Нижегородская область;Арзамас
Нижегородская область;Навашино
Нижегородская область;Бор
Нижегородская область;Сергач
Нижегородская область;Нижний Новгород
Нижегородская область;Балахна
Нижегородская область;Дзержинск
Нижегородская область;Шахунья
Нижегородская область;Кстово
Нижегородская область;Богородск
Нижегородская область;Выкса
Нижегородская область;Городец
Новгородская область;Старая Русса
Новгородская область;Чудово
Новгородская область;Боровичи
Новгородская область;Великий Новгород
Новосибирская область;Линево
Новосибирская область;Искитим
Новосибирская область;Приобский
Новосибирская область;Бердск
Новосибирская область;Краснообск
Новосибирская область;Новосибирск
Новосибирская область;Куйбышев
Омская область;Омск
Оренбургская область;Саракташ
Оренбургская область;Новотроицк
Оренбургская область;Оренбург
Оренбургская область;Медногорск
Оренбургская область;Орск
Оренбургская область;Абдулино
Оренбургская область;Ясный
Оренбургская область;Бузулук
Оренбургская область;Гай
Орловская область;Орел
Орловская область;Ливны
Пензенская область;Заречный
Пензенская область;Сосновоборск
Пензенская область;Кузнецк
Пензенская область;Пенза
Пермский край;Кизел
Пермский край;Краснокамск
Пермский край;Кудымкар
Пермский край;Лысьва
Пермский край;Карагай
Пермский край;Березовка
Пермский край;Чусовой
Пермский край;Орда
Пермский край;Очер
Пермский край;Оса
Пермский край;Березники
Пермский край;Чайковский
Пермский край;Горнозаводск
Пермский край;Пермь
Пермский край;Гремячинск
Пермский край;Песьянка
Пермский край;Красновишерск
Пермский край;Култаево
Пермский край;Александровск
Пермский край;Соликамск
Пермский край;Кунгур
Пермский край;Чернушка
Пермский край;Нытва
Пермский край;Губаха
Пермский край;Добрянка
Приморский край;Гвоздево
Приморский край;Камень-Рыболов
Приморский край;Владивосток
Приморский край;Большой Камень
Приморский край;Лесозаводск
Приморский край;Арсеньев
Приморский край;Спасск-Дальний
Приморский край;Ружино
Приморский край;Вольно-Надеждинское
Приморский край;Ольга
Приморский край;Дальнегорск
Приморский край;Славянка
Приморский край;Новошахтинский
Приморский край;Покровка
Приморский край;Находка
Приморский край;Кавалерово
Приморский край;Черниговка
Приморский край;Терней
Приморский край;Трудовое
Приморский край;Артем
Приморский край;Михайловка
Приморский край;Дальнереченск
Приморский край;Уссурийск
Приморский край;Яковлевка
Приморский край;Кировский
Приморский край;Лучегорск
Приморский край;Хороль
Приморский край;Галенки
Приморский край;Фокино
Псковская область;Порхов
Псковская область;Малая Губа
Псковская область;Овинки
Псковская область;Великие Луки
Псковская область;Псков
Ростовская область;Зерноград
Ростовская область;Егорлыкская
Ростовская область;Константиновск
Ростовская область;Родионово-Несветайская
Ростовская область;Ростов-на-Дону
Ростовская область;Веселый
Ростовская область;Новочеркасск
Ростовская область;Белая Калитва
Ростовская область;Матвеев Курган
Ростовская область;Каменоломни
Ростовская область;Кагальницкая
Ростовская область;Аксай
Ростовская область;Цимлянск
Ростовская область;Донецк
Ростовская область;Гуково
Ростовская область;Багаевская
Ростовская область;Романовская
Ростовская область;Орловский
Ростовская область;Новошахтинск
Ростовская область;Батайск
Ростовская область;Тарасовский
Ростовская область;Красный Сулин
Ростовская область;Зимовники
Ростовская область;Ремонтное
Ростовская область;Каменск-Шахтинский
Ростовская область;Целина
Ростовская область;Шахты
Ростовская область;Кашары
Ростовская область;Вешенская
Ростовская область;Азов
Ростовская область;Морозовск
Ростовская область;Таганрог
Ростовская область;Миллерово
Ростовская область;Сальск
Ростовская область;Чалтырь
Ростовская область;Семикаракорск
Ростовская область;Волгодонск
Ростовская область;Чертково
Рязанская область;Ряжск
Рязанская область;Новомичуринск
Рязанская область;Касимов
Рязанская область;Рязань
Самарская область;Нефтегорск
Самарская область;Красный Яр
Самарская область;Усть-Кинельский
Самарская область;Жигулевск
Самарская область;Подстёпки
Самарская область;Новокуйбышевск
Самарская область;Самара
Самарская область;Тольятти
Самарская область;Чапаевск
Самарская область;Курумоч
Самарская область;Сызрань
Санкт-Петербург; Санкт-Петербург
Санкт-Петербург ; Колпино
Санкт-Петербург ;Сестрорецк
Санкт-Петербург ;Пушкин
Саратовская область;Советский
Саратовская область;Энгельс
Саратовская область;Балаково
Саратовская область;Красноармейск
Саратовская область;Балашов
Саратовская область;Ершов
Саратовская область;Аткарск
Саратовская область;Татищево
Саратовская область;Вольск
Саратовская область;Саратов
Саратовская область;Маркс
Саха (Якутия);Мирный
Саха (Якутия);Нижний Бестях
Саха (Якутия);Нерюнгри
Саха (Якутия);Ленск
Саха (Якутия);Усть-Нера
Саха (Якутия);Алдан
Саха (Якутия);Якутск
Сахалинская область;Поронайск
Сахалинская область;Анива
Сахалинская область;Александровск-Сахалинский
Сахалинская область;Ноглики
Сахалинская область;Корсаков
Сахалинская область;Холмск
Сахалинская область;Южно-Сахалинск
Сахалинская область;Тымовское
Свердловская область;Первоуральск
Свердловская область;Новоуральск
Свердловская область;Богданович
Свердловская область;Верхняя Салда
Свердловская область;Нижняя Салда
Свердловская область;Каменск-Уральский
Свердловская область;Монетный
Свердловская область;Верхотурье
Свердловская область;Ревда
Свердловская область;Берёзовский
Свердловская область;Красноуральск
Свердловская область;Сысерть
Свердловская область;Баранчинский
Свердловская область;Кушва
Свердловская область;Асбест
Свердловская область;Качканар
Свердловская область;Екатеринбург
Свердловская область;Нижний Тагил
Свердловская область;Нижняя Тура
Свердловская область;Полевской
Свердловская область;Кировград
Свердловская область;Артемовский
Свердловская область;Сухой Лог
Свердловская область;Краснотурьинск
Свердловская область;Красноуфимск
Свердловская область;Нижние Серги
Свердловская область;Косулино
Свердловская область;Лесной
Свердловская область;Верхняя Пышма
Свердловская область;Невьянск
Свердловская область;Серов
Северная Осетия;Владикавказ
Северная Осетия;Беслан
Смоленская область;Рай
Смоленская область;Ярцево
Смоленская область;Ельня
Смоленская область;Вязьма
Смоленская область;Сафоново
Смоленская область;Гагарин
Смоленская область;Десногорск
Смоленская область;Смоленск
Смоленская область;Рославль
Ставропольский край;Пятигорск
Ставропольский край;Георгиевск
Ставропольский край;Кисловодск
Ставропольский край;Ставрополь
Ставропольский край;Железноводск
Ставропольский край;Светлоград
Ставропольский край;Невинномысск
Ставропольский край;Минеральные Воды
Ставропольский край;Лермонтов
Ставропольский край;Солнечнодольск
Ставропольский край;Ессентуки
Тамбовская область;Мичуринск
Тамбовская область;Тамбов
Тамбовская область;Рассказово
Тамбовская область;Жердевка
Тамбовская область;Котовск
Татарстан;Альметьевск
Татарстан;Нижнекамск
Татарстан;Лениногорск
Татарстан;Набережные Челны
Татарстан;Менделеевск
Татарстан;Казань
Татарстан;Елабуга
Тверская область;Кувшиново
Тверская область;Кимры
Тверская область;Калязин
Тверская область;Конаково
Тверская область;Бежецк
Тверская область;Бологое
Тверская область;Тверь
Тверская область;Удомля
Тверская область;Неготино
Тверская область;Вышний Волочек
Томская область;Северск
Томская область;Стрежевой
Томская область;Томск
Тульская область;Алексин
Тульская область;Суворов
Тульская область;Новомосковск
Тульская область;Тула
Тульская область;Ясногороск
Тульская область;Узловая
Тульская область;Богородицк
Тульская область;Ефремов
Тыва;Кызыл
Тюменская область;Тобольск
Тюменская область;Тюмень
Удмуртия;Воткинск
Удмуртия;Сарапул
Удмуртия;Ижевск
Удмуртия;Глазов
Ульяновская область;Димитровград
Ульяновская область;Ульяновск
Хабаровский край;Амурск
Хабаровский край;Николаевск-на-Амуре
Хабаровский край;Бикин
Хабаровский край;Новый Ургал
Хабаровский край;Комсомольск-на-Амуре
Хабаровский край;Чегдомын
Хабаровский край;Советская Гавань
Хабаровский край;Переяславка
Хабаровский край;Хурба
Хабаровский край;Ванино
Хабаровский край;Хабаровск
Хакасия;Саяногорск
Хакасия;Бея
Хакасия;Абакан
Хакасия;Черногорск
Ханты-Мансийский автономный округ- Югра;Лангепас
Ханты-Мансийский автономный округ- Югра;Ханты-Мансийск
Ханты-Мансийский автономный округ- Югра;Пыть-ях
Ханты-Мансийский автономный округ- Югра;Югорск
Ханты-Мансийский автономный округ- Югра;Радужный
Ханты-Мансийский автономный округ- Югра;Нефтеюганск
Ханты-Мансийский автономный округ- Югра;Приобье
Ханты-Мансийский автономный округ- Югра;Салым
Ханты-Мансийский автономный округ- Югра;Урай
Ханты-Мансийский автономный округ- Югра;Пойковский
Ханты-Мансийский автономный округ- Югра;Нягань
Ханты-Мансийский автономный округ- Югра;Нижневартовск
Ханты-Мансийский автономный округ- Югра;Когалым
Ханты-Мансийский автономный округ- Югра;Белый Яр
Ханты-Мансийский автономный округ- Югра;Сургут
Челябинская область;Озерск
Челябинская область;Челябинск
Челябинская область;Юрюзань
Челябинская область;Златоуст
Челябинская область;Увельский
Челябинская область;Снежинск
Челябинская область;Трехгорный
Челябинская область;Верхний Уфалей
Челябинская область;Карабаш
Челябинская область;Чебаркуль
Челябинская область;Южноуральск
Челябинская область;Копейск
Челябинская область;Троицк
Челябинская область;Магнитогорск
Челябинская область;Коркино
Челябинская область;Кыштым
Челябинская область;Сатка
Челябинская область;Аша
Челябинская область;Миасс
Челябинская область;Еманжелинск
Чечня;Гудермес
Чечня;Грозный
Чувашия;Алатырь
Чувашия;Канаш
Чувашия;Шумерля
Чувашия;Ядрин
Чувашия;Вурнары
Чувашия;Новочебоксарск
Чувашия;Чебоксары
Чукотский автономный округ;Анадырь
Ямало-Ненецкий АО;Надым
Ямало-Ненецкий АО;Муравленко
Ямало-Ненецкий АО;Ноябрьск
Ямало-Ненецкий АО;Лабытнанги
Ямало-Ненецкий АО;Губкинский
Ямало-Ненецкий АО;Тарко-сале
Ямало-Ненецкий АО;Новый Уренгой
Ямало-Ненецкий АО;Салехард
Ярославская область;Тутаев
Ярославская область;Ростов
Ярославская область;Мышкин
Ярославская область;Ярославль
Ярославская область;Углич
Ярославская область;Рыбинск
Ярославская область;Переславль-Залесский
Ярославская область;Гаврилов-ям
